№ п/п;ID;Рубрика;;Город;Раздел;Кол-во комнат / Тип;Район;Улица;Ориентир;Площ.;;Площ. уч.;;Тип план.;;Эт./Эт.;;Примечание;;Конт. инф., конт. телефон;;Цена
1;;Продажа;;Ай-Даниль;Жилая недвижимость;Дом;;Тенистая;;437/-/-;;11 сот;;ИП;;3;;бассейн, сауна, территория благоустроена, вид на море, рядом озеро, тихое место;;Планета-Крым (0654) 23-14-28;;74 000 000,
;;;;;;;;;;;;;;;;;;;;;;
2;;Продажа;;Алупка;Жилая недвижимость;2 к.кв.;;Симферопольское шоссе;;70/30/10;;;;УЛ;;2/5;;треб. ремонт;;Планета-Крым (0654) 23-14-28;;3 663 000,
3;;Продажа;;Алупка;Жилая недвижимость;Участок;;Красногвардейская;;;;3.2 сот;;;;;;видовой, на участке есть строения, все коммуникации, рабочий проект, договор аренды;;Планета-Крым (0654) 23-14-28;;5 000 000,
;;;;;;;;;;;;;;;;;;;;;;
4;;Продажа;;Алушта;Жилая недвижимость;Дом, 8 комн.;;Ленина;;740/-/-;;;;;;3;;4 ванные, ЕР, камин, сауна, АОГВ;;Планета-Крым (0654) 23-14-28;;59 200 000,
5;;Продажа;;Алушта;Жилая недвижимость;Пентхаус;;Чатырдагская;"пансионат ""Дружба""";210/-/-;;;;ИП;;9,10/10;;в двух уровнях, под чистовую отделку, все коммуникации, панорамный вид на море и горы;;Планета-Крым (978) 738-71-77;;9 500 000,
;;;;;;;;;;;;;;;;;;;;;;
6;;Продажа;;Алушта;Гаражи;Гараж;;Б. Хмельницкого;;96/-/-;;0.33 сот;;ИП;;3;;гараж с надстройками, госакт, в/у, 2 спальни, кухня;;Планета-Крым (0654) 23-14-28;;3 330 000,
;;;;;;;;;;;;;;;;;;;;;;
7;;Продажа;;Верхний Мисхор;Жилая недвижимость;Дом;;Комсомольская;;350/-/-;;6 сот;;ИП;;4;;под крышей, оконные рамы и двери не установлены, панорамный вид на горы и море;;Планета-Крым (0654) 23-14-28;;12 950 000,
;;;;;;;;;;;;;;;;;;;;;;
8;;Продажа;;Виноградный;Жилая недвижимость;Дом;;;озеро Могаби;500/-/-;;15 сот;;ИП;;2;;все коммуникации, бассейн, вид на Ялту, окончание строительный работ январь 2015;;Планета-Крым (0654) 23-14-28;;75 000 000,
;;;;;;;;;;;;;;;;;;;;;;
;;;;;;;;;;;;;;;;;;;;;;
;;;;;;;;;;;;;;;;;;;;;;
"Список введенных записей (Издание № 3 (206) от 20.07.2015; Агенство: ""Планета-Крым (Ялта)"")";;;;;;;;;;;;;;;;;;;стр. 1 из 9;;;
;;;;;;;;;;;;;;;;;;;;;;
№ п/п;ID;Рубрика;;Город;Раздел;Кол-во комнат / Тип;Район;Улица;Ориентир;Площ.;Площ. уч.;;Тип план.;;Эт./Эт.;;Примечание;;;Конт. инф., конт. телефон;;Цена
9;;Продажа;;Виноградный;Жилая недвижимость;Участок;;;озеро Могаби;;;350 сот;;;;;;можно по отдельности, 32 госакта 10-15 соток;;Планета-Крым (0654) 23-14-28;;84 175 000,
;;;;;;;;;;;;;;;;;;;;;;
10;;Продажа;;Восход;Жилая недвижимость;8 к.кв.;;Авроры;;746/390/-;;;;ИП;;5,6,7;;3 ур. апартаменты премиум, панорамный вид, мебель, бытовая техника;;Планета-Крым (0654) 23-14-28;;40 000 000,
11;;Продажа;;Восход;Жилая недвижимость;Апартаменты;;;"""Консоль""";359/-/-;;;;ИП;;5,6,7/7;;новострой, бойлер, панорамный вид;;Планета-Крым (0654) 23-14-28;;22 644 000,
12;;Продажа;;Восход;Жилая недвижимость;Апартаменты;;;;615/360/-;;;;ИП;;5,6,7/7;;3 уровня, без внутренней отделки, вид на море и горы;;Планета-Крым (978) 738-71-77;;23 250 000,
13;;Продажа;;Восход;Жилая недвижимость;Апартаменты;;;;746/390/-;;;;ИП;;5,6,7/7;;3 уровня, в отличном состоянии, мебель, бытовая техника, вид на море и горы.;;Планета-Крым (978) 742-28-94;;33 500 000,
;;;;;;;;;;;;;;;;;;;;;;
14;;Продажа;;Гаспра;Жилая недвижимость;Дом;;Симферопольское шоссе;;106/-/-;;6 сот;;ИП;;;;жилой дом, состояние удовлетворительное, сад.;;Планета-Крым (978) 738-71-77;;7 020 000,
15;;Продажа;;Гаспра;Жилая недвижимость;Дом;;Симферопольское шоссе;Кореиз;106/-/-;;6 сот;;ИП;;2;;все коммуникации, состояние удовлетворительное, фруктовый сад;;Планета-Крым (0654) 23-14-28;;8 500 000,
16;;Продажа;;Гаспра;Жилая недвижимость;Участок;;Горького;;;;8 сот;;;;;;небольшой уклон, есть строение, вид на море и горы, дорога - асфальт;;Планета-Крым (0654) 23-14-28;;2 405 000,
17;;Продажа;;Гаспра;Жилая недвижимость;Участок;;Маратовская;;;;10 сот;;;;;;ровный, асфальтированный подъезд, коммуникации в 50 м.;;Планета-Крым (978) 742-28-94;;10 000 000,
;;;;;;;;;;;;;;;;;;;;;;
18;;Продажа;;Горный;Жилая недвижимость;Вилла;;;"ЖК ""Горный""";303/-/-;;20 сот;;ИП;;;;закрытый коттеджный поселок, инливидуальный дизайн, классический стиль;;Планета-Крым (978) 738-71-77;;245 000 000,
;;;;;;;;;;;;;;;;;;;;;;
;;;;;;;;;;;;;;;;;;;;;;
;;;;;;;;;;;;;;;;;;;;;;
"Список введенных записей (Издание № 3 (206) от 20.07.2015; Агенство: ""Планета-Крым (Ялта)"")";;;;;;;;;;;;;;;;;;;стр. 2 из 9;;;
;;;;;;;;;;;;;;;;;;;;;;
№ п/п;ID;Рубрика;;Город;Раздел;Кол-во комнат / Тип;Район;Улица;Ориентир;Площ.;Площ. уч.;;Тип план.;;Эт./Эт.;;Примечание;;;Конт. инф., конт. телефон;;Цена
19;;Продажа;;Гурзуф;Жилая недвижимость;2 к.кв.;;Строителей;Белый дом;65/39/-;;;;ИП;;6/14;;в отличном состоянии, панорамный вид на Адалары;;Планета-Крым (978) 738-71-76;;8 640 000,
20;;Продажа;;Гурзуф;Жилая недвижимость;2 к.кв.;;наб.им.Пушкина;;89/-/-;;;;УЛ;;5/10;;новострой, ремонт, турбокотел, мебель, бытовая техника, охрана;;Планета-Крым (0654) 23-14-28;;13 320 000,
21;;Продажа;;Гурзуф;Жилая недвижимость;2 к.кв.;;наб.им.Пушкина;;106/-/-;;;;УЛ;;5/10;;новострой, ремонт, турбокотел, мебель, бытовая техника, охрана;;Планета-Крым (0654) 23-14-28;;15 540 000,
22;;Продажа;;Гурзуф;Жилая недвижимость;2 к.кв.;;Ялтинская;;77/-/-;;;;УЛ;;7/12;;дизайнерский ремонт, мебель, бытовая техника, вид на море, закрытая территория;;Планета-Крым (0654) 23-14-28;;15 750 000,
23;;Продажа;;Гурзуф;Жилая недвижимость;2 к.кв.;;;Артек;77/-/-;;;;ИП;;7/12;;дизайнерский ремонт, автономное управление, вид на море, закрытая территория;;Планета-Крым (978) 742-28-94;;17 000 000,
24;;Продажа;;Гурзуф;Жилая недвижимость;2 к.кв.;;наб.им.Пушкина;;106/70/-;;;;ИП;;5/10;;дизайнерский ремонт, мебль, бытовая техника, вид на Адалары;;Планета-Крым (0654) 23-14-28;;21 000 000,
25;;Продажа;;Гурзуф;Жилая недвижимость;3 к.кв.;;Ялтинская;;;;;;ИП;;9/10;;новострой, вид на море, с отделкой;;Планета-Крым (0654) 23-14-28;;9 720 000,
26;;Продажа;;Гурзуф;Жилая недвижимость;3 к.кв.;;Гурзуфское шоссе;"""Резиденция солнца""";151/-/-;;;;ИП;;5/10;;без в/о, АОГВ, вид на море, свой пляж!;;Планета-Крым (0654) 23-14-28;;18 500 000,
27;;Продажа;;Гурзуф;Жилая недвижимость;3 к.кв.;;наб.им.Пушкина;;150/-/-;;;;ИП;;6/10;;премиум-класса, дизайнерский ремонт, мебель, встроенная техника, до моря 150 м;;Планета-Крым (0654) 23-14-28;;37 500 000,
28;;Продажа;;Гурзуф;Жилая недвижимость;Дом;;Дачная;;386/-/-;;14 сот;;ИП;;;;ливанские кедры, все коммуникации, бассейн, два заезда;;Планета-Крым (978) 738-71-77;;65 000 000,
29;;Продажа;;Гурзуф;Жилая недвижимость;Вилла;;Крымских партизан;;241/-/-;;6.54 сот;;ИП;;2;;панорамный вид на море и горы, 6 комнат, все коммуникации, бассейн, под чистовую отделку;;Планета-Крым (0654) 23-14-28;;62 500 000,
30;;Продажа;;Гурзуф;Жилая недвижимость;Участок;;;Новая деревня;;;7 сот;;;;;;ИЖС, панорамный вид на море и горы, незначительный уклон;;Планета-Крым (0654) 23-14-28;;5 000 000,
;;;;;;;;;;;;;;;;;;;;;;
;;;;;;;;;;;;;;;;;;;;;;
;;;;;;;;;;;;;;;;;;;;;;
"Список введенных записей (Издание № 3 (206) от 20.07.2015; Агенство: ""Планета-Крым (Ялта)"")";;;;;;;;;;;;;;;;;;;стр. 3 из 9;;;
;;;;;;;;;;;;;;;;;;;;;;
№ п/п;ID;Рубрика;;Город;Раздел;Кол-во комнат / Тип;Район;Улица;Ориентир;Площ.;Площ. уч.;;Тип план.;;Эт./Эт.;;Примечание;;;Конт. инф., конт. телефон;;Цена
31;;Продажа;;Гурзуф;Жилая недвижимость;Участок;;;Артек;;;7 сот;;;;;;ИЖС, незначительный уклон, коммуникации от 50 до 150 м, панорамный вид;;Планета-Крым (978) 738-71-76;;5 400 000,
32;;Продажа;;Гурзуф;Жилая недвижимость;Участок;;;"""Шато-Ришелье""";;;14.5 сот;;;;;;ровный, коммуникации до 70 м., подъезд еать;;Планета-Крым (978) 742-28-94;;8 640 000,
33;;Продажа;;Гурзуф;Жилая недвижимость;Участок;;;"панс. ""Молодежный""";;;12 сот;;;;;;ИЖС, 300 м. до моря, незначительный уклон, коммуникации до 50 м.;;Планета-Крым (978) 742-28-94;;14 500 000,
34;;Продажа;;Гурзуф;Жилая недвижимость;Участок;;Крымских партизан;;;;41.2 сот;;;;;;ИЖС, все коммуникации, ровный;;Планета-Крым (0654) 23-14-28;;42 500 000,
35;;Продажа;;Гурзуф;Жилая недвижимость;Участок;;;Новая деревня;;;90 сот;;;;;;ИЖС, вид на море игоры, можно по отдельности;;Планета-Крым (0654) 23-14-28;;72 000 000,
;;;;;;;;;;;;;;;;;;;;;;
36;;Продажа;;Керчь;Жилая недвижимость;Участок;Останино;Ленинское;;;;12 сот;;;;;;ровный, хороший подъезд, до моря 200 м.;;Планета-Крым (0654) 23-14-28;;1 620 000,
;;;;;;;;;;;;;;;;;;;;;;
37;;Продажа;;Кипарисное;Жилая недвижимость;Дом, 8 комн.;;Алуштинская;;200/-/-;;7 сот;;;;2;;беседка, гараж, газ, вода;;Планета-Крым (0654) 23-14-28;;14 060 000,
;;;;;;;;;;;;;;;;;;;;;;
38;;Продажа;;Кореиз;Жилая недвижимость;2 к.кв.;;Симферопольское шоссе;;88/-/-;;;;ИП;;9;;новострой, вид на море, ЕР, мебель;;Планета-Крым (0654) 23-14-28;;9 360 000,
39;;Продажа;;Кореиз;Жилая недвижимость;Дом;;;Самота;400/-/-;;6 сот;;ИП;;;;готов к проживанию, 8 спален, все коммуникации;;Планета-Крым (978) 738-71-76;;24 500 000,
40;;Продажа;;Кореиз;Жилая недвижимость;Дом;;Мисхорский спуск;;450/-/-;;13 сот;;ИП;;3;;5 спален, мебель, бытовая техника, бассейн, ландшафтный дизайн, вид на море и горы, охрана, видеонаблюдение, фруктовый сад;;Планета-Крым (0654) 23-14-28;;77 700 000,
41;;Продажа;;Кореиз;Жилая недвижимость;Участок;;Михайловых;;;;15 сот;;;;;;панорамный вид на море и горы, на участке дубы и можжевельник, есть уклон, коммуникации в 100 м;;Планета-Крым (0654) 23-14-28;;7 400 000,
;;;;;;;;;;;;;;;;;;;;;;
;;;;;;;;;;;;;;;;;;;;;;
;;;;;;;;;;;;;;;;;;;;;;
"Список введенных записей (Издание № 3 (206) от 20.07.2015; Агенство: ""Планета-Крым (Ялта)"")";;;;;;;;;;;;;;;;;;;стр. 4 из 9;;;
;;;;;;;;;;;;;;;;;;;;;;
№ п/п;ID;Рубрика;;Город;Раздел;Кол-во комнат / Тип;Район;Улица;Ориентир;Площ.;Площ. уч.;;Тип план.;;Эт./Эт.;;Примечание;;;Конт. инф., конт. телефон;;Цена
;;;;;;;;;;;;;;;;;;;;;;
42;;Продажа;;Краснокаменка;Жилая недвижимость;Участок;;Краснокаменка;;;;4 сот;;;;;;готовый эскизный проект, все коммуникации кроме канализации, вид на море.;;Планета-Крым (978) 742-28-94;;1 500 000,
;;;;;;;;;;;;;;;;;;;;;;
43;;Продажа;;Лазурное;Жилая недвижимость;Дом;;Головкинского;;392/-/-;;8 сот;;;;2;;вид на море и горы, бойлер, до моря 300 м;;Планета-Крым (0654) 23-14-28;;24 050 000,
44;;Продажа;;Лазурное;Жилая недвижимость;Дом;;Карьерная;Заказник;624/-/-;;50 сот;;;;1,2,3;;тихое место, вид на море, бассейн, отделка деревом;;Планета-Крым (0654) 23-14-28;;99 900 000,
;;;;;;;;;;;;;;;;;;;;;;
45;;Продажа;;Ливадия;Жилая недвижимость;2 к.кв.;Ливадия;Батурина;;59/44/-;;;;СФ;;3/3;;после капремонта, встр.мебель, автономное отопление, сарай, место под а/м;;Планета-Крым (0654) 23-14-28;;4 810 000,
;;;;;;;;;;;;;;;;;;;;;;
46;;Продажа;;М. Маяк;Жилая недвижимость;Дом;;Виноградная;;265/-/-;;9 сот;;ИП;;2;;современный дом, с отделкой, панорамное остекление, бассейн, беседка, ландшафтный дизайн;;Планета-Крым (0654) 23-14-28;;21 830 000,
47;;Продажа;;М. Маяк;Жилая недвижимость;Дом;;;;450/-/-;;10 сот;;;;;;основной и гостевой дом, бассейн, беседка, бильярд, сауна, более 8 комнат, панорамный вид на море и горы;;Планета-Крым (0654) 23-14-28;;27 750 000,
48;;Продажа;;М. Маяк;Жилая недвижимость;Участок;;Морская;;;;12 сот;;;;;;коммуникации в пределах 150 м, видовой;;Планета-Крым (0654) 23-14-28;;2 886 000,
;;;;;;;;;;;;;;;;;;;;;;
49;;Продажа;;Массандра;Жилая недвижимость;Дом;Сосняк;;;116/-/-;;8 сот;;ИР;;3;;готов к проживанию, участок на 4 коотеджа, на территории бассейн;;Планета-Крым (0654) 23-14-28;;18 750 000,
50;;Продажа;;Массандра;Жилая недвижимость;Дом, 7 комн.;;Верхний Сосняк;;355/-/-;;20.58 сот;;ИП;;2;;мебель, бытовая техника, бассейн, сад, готов к проживанию;;Планета-Крым (0654) 23-14-28;;75 000 000,
;;;;;;;;;;;;;;;;;;;;;;
;;;;;;;;;;;;;;;;;;;;;;
;;;;;;;;;;;;;;;;;;;;;;
"Список введенных записей (Издание № 3 (206) от 20.07.2015; Агенство: ""Планета-Крым (Ялта)"")";;;;;;;;;;;;;;;;;;;стр. 5 из 9;;;
;;;;;;;;;;;;;;;;;;;;;;
№ п/п;ID;Рубрика;;Город;Раздел;Кол-во комнат / Тип;Район;Улица;Ориентир;Площ.;Площ. уч.;;Тип план.;;Эт./Эт.;;Примечание;;;Конт. инф., конт. телефон;;Цена
51;;Продажа;;Массандра;Жилая недвижимость;Участок;;Симферопольское шоссе;;;;10 сот;;;;;;все коммуникации, незначительный уклон, ИЖС;;Планета-Крым (0654) 23-14-28;;5 500 000,
52;;Продажа;;Массандра;Жилая недвижимость;Участок;;;Гува;;;12 сот;;;;;;все коммуникации, незначительный уклон, ИЖС;;Планета-Крым (0654) 23-14-28;;6 600 000,
53;;Продажа;;Массандра;Жилая недвижимость;Участок;;;;;;12 сот;;;;;;ИЖС, незначительный уклон, коммуникации до 50, панорамный вид;;Планета-Крым (978) 742-28-94;;7 020 000,
54;;Продажа;;Массандра;Жилая недвижимость;Участок;;Дражинского;;;;10 сот;;;;;;ИЖС, небольшой уклон, коммуникации вдоль участка;;Планета-Крым (978) 738-71-76;;8 000 000,
55;;Продажа;;Массандра;Жилая недвижимость;Участок;;Дражинского;;;;33 сот;;;;;;ИЖС, рельеф разный, коммуникации вдоль участка;;Планета-Крым (978) 738-71-76;;19 000 000,
;;;;;;;;;;;;;;;;;;;;;;
56;;Продажа;;Нижний Мисхор;Жилая недвижимость;Дом;;Южная;;462/-/-;;6 сот;;;;3;;с/у совм., Б, Л, мансарда, все коммуник.;;Планета-Крым (0654) 23-14-28;;29 600 000,
;;;;;;;;;;;;;;;;;;;;;;
57;;Продажа;;Нижняя Ореанда;Жилая недвижимость;Домовладение;;;;167/-/-;;7.5 сот;;ИП;;3;;новой постройки, с отделкой, газ;;Планета-Крым (0654) 23-14-28;;16 560 000,
;;;;;;;;;;;;;;;;;;;;;;
58;;Продажа;;Ореанда;Жилая недвижимость;2 к.кв.;;;"ЖК ""Ореанда Плаза""";94/-/-;;;;ИП;;1,2/10;;"два уровня, ""премиум класс"", две лоджии по 16 м.";;Планета-Крым (978) 738-71-76;;17 300 000,
59;;Продажа;;Ореанда;Жилая недвижимость;Вилла;;;Парковая зона;800/-/-;;14 сот;;ИП;;;;"""Premium"" класс,, 200  м. до моря";;Планета-Крым (978) 738-71-77;;225 000 000,
;;;;;;;;;;;;;;;;;;;;;;
60;;Продажа;;Отрадное;Жилая недвижимость;3 к.кв.;;Отрадная;;58/36/7;;2 сот;;СФ;;1/2;;жилое состояние, сараи;;Планета-Крым (0654) 23-14-28;;5 450 000,
61;;Продажа;;Отрадное;Жилая недвижимость;Дом;;;;507/-/-;;7.5 сот;;;;;;граничит с лесом, бассейн, ручей, бытовая техника, мебель, газ, до моря 300 м.;;Планета-Крым (978) 742-28-94;;34 650 000,
62;;Продажа;;Отрадное;Жилая недвижимость;Эллинг;;;сан. Прибрежный;36/-/-;;;;ИП;;2;;1-я линия к морю, вид на море, все коммуникации, мебель;;Планета-Крым (0654) 23-14-28;;4 140 000,
;;;;;;;;;;;;;;;;;;;;;;
;;;;;;;;;;;;;;;;;;;;;;
;;;;;;;;;;;;;;;;;;;;;;
"Список введенных записей (Издание № 3 (206) от 20.07.2015; Агенство: ""Планета-Крым (Ялта)"")";;;;;;;;;;;;;;;;;;;стр. 6 из 9;;;
;;;;;;;;;;;;;;;;;;;;;;
№ п/п;ID;Рубрика;;Город;Раздел;Кол-во комнат / Тип;Район;Улица;Ориентир;Площ.;Площ. уч.;;Тип план.;;Эт./Эт.;;Примечание;;;Конт. инф., конт. телефон;;Цена
63;;Продажа;;Отрадное;Жилая недвижимость;Эллинг;;;;260/-/-;;;;ИП;;5;;2-я линия к морю, все коммуникации, отопление, 7 номеров, можно использовать как мини-гостиницу;;Планета-Крым (0654) 23-14-28;;23 400 000,
64;;Продажа;;Отрадное;Жилая недвижимость;Эллинг, 4 комн.;;;грузовой порт;190/-/-;;1 сот;;ИП;;3;;отл. сост., ремонт, парковка, до моря 30 м, свой пляж;;Планета-Крым (0654) 23-14-28;;29 600 000,
65;;Продажа;;Отрадное;Жилая недвижимость;Эллинг;;;;253/-/-;;0.8 сот;;;;4;;новострой, все коммуникации, мебель,бытовая техника, до моря 100 м.;;Планета-Крым (0654) 23-14-28;;32 000 000,
;;;;;;;;;;;;;;;;;;;;;;
66;;Продажа;;Пушкино;Жилая недвижимость;Дом;;пер. Южный;;120/-/-;;20 сот;;;;2;;деревянный сруб, бассейн, баня, сторожка, сад, вид на море;;Планета-Крым (0654) 23-14-28;;22 200 000,
;;;;;;;;;;;;;;;;;;;;;;
67;;Продажа;;Семидворье;Жилая недвижимость;1 к.кв.;;;"ЖК ""Эллада""";64/-/-;;;;ИП;;6/6;;на берегу моря, закрытый комплекс, мебель, бытовая техника;;Планета-Крым (978) 738-71-76;;7 150 000,
;;;;;;;;;;;;;;;;;;;;;;
68;;Продажа;;Симеиз;Жилая недвижимость;1 к.кв.;;Васильченко;Подгорная;30/19/7;;;;СФ;;1/3;;светлая, удовлетворительное состояние,высокие потолки;;Планета-Крым (978) 738-71-76;;2 700 000,
69;;Продажа;;Симеиз;Жилая недвижимость;Эллинг;;Баранова;;240/-/-;;;;ИП;;;;закрытая территория, на берегу моря, 3 этажа, эксклюзивный дизайн, паркинг;;Планета-Крым (978) 738-71-77;;54 000 000,
;;;;;;;;;;;;;;;;;;;;;;
70;;Продажа;;Судак;Жилая недвижимость;Дом, 14 комн.;;Инициативных;Аквапарк;650/-/-;;5.7 сот;;;;4;;2 гаража, без отделки, до моря 1 км;;Планета-Крым (0654) 23-14-28;;5 032 000,
;;;;;;;;;;;;;;;;;;;;;;
71;;Продажа;;Щелкино;Жилая недвижимость;Участок;;;;;;3000 сот;;;;;;бероговая линия, госакт, можно по 2 га;;Планета-Крым (0654) 23-14-28;;75000.00 руб./сотка
;;;;;;;;;;;;;;;;;;;;;;
72;;Продажа;;Ялта;Жилая недвижимость;1 к.кв.;;Дражинского;Массандровский пляж;41/20/13;;;;СФ;;1/2;;в жилом состоянии, газовая колонка, палисадник;;Планета-Крым (978) 742-28-94;;3 700 000,
;;;;;;;;;;;;;;;;;;;;;;
;;;;;;;;;;;;;;;;;;;;;;
;;;;;;;;;;;;;;;;;;;;;;
"Список введенных записей (Издание № 3 (206) от 20.07.2015; Агенство: ""Планета-Крым (Ялта)"")";;;;;;;;;;;;;;;;;;;стр. 7 из 9;;;
;;;;;;;;;;;;;;;;;;;;;;
№ п/п;ID;Рубрика;;Город;Раздел;Кол-во комнат / Тип;Район;Улица;Ориентир;Площ.;Площ. уч.;;Тип план.;;Эт./Эт.;;Примечание;;;Конт. инф., конт. телефон;;Цена
73;;Продажа;;Ялта;Жилая недвижимость;1 к.кв.;Набережная;Морская;;46/-/-;;;;СФ;;3/4;;новострой, бойлер, вид на море, 2Б;;Планета-Крым (0654) 23-14-28;;4 255 000,
74;;Продажа;;Ялта;Жилая недвижимость;1 к.кв.;;Дзержинского;Райотдел;41/17/9;;;;УЛ;;2/9;;хор. сост.;;Планета-Крым (0654) 23-14-28;;4 750 000,
75;;Продажа;;Ялта;Жилая недвижимость;1 к.кв.;;Блюхера;Консоль;45/-/-;;;;УЛ;;9/10;;переделанная в 2 ккв, в отличном состоянии, теплые полы, мебель, бытовая техника;;Планета-Крым (978) 738-71-76;;5 130 000,
76;;Продажа;;Ялта;Жилая недвижимость;2 к.кв.;;Свердлова;;52/29/6;;;;ГР;;1/5;;жилое состояние, ИЗ, высокий;;Планета-Крым (0654) 23-14-28;;2 590 000,
77;;Продажа;;Ялта;Жилая недвижимость;2 к.кв.;;Блюхера;Вертолетная площадка;54/30/9;;;;УЛ;;5/9;;"новострой, ""Консоль"", бойлер, вид горы";;Планета-Крым (0654) 23-14-28;;3 145 000,
78;;Продажа;;Ялта;Жилая недвижимость;2 к.кв.;;Курчатова;Вертолетная площадка;63/32/9;;;;УЛ;;1/9;;после ремонта, электроплиты, бойлер, лоджии утеплены;;Планета-Крым (0654) 23-14-28;;3 330 000,
79;;Продажа;;Ялта;Жилая недвижимость;2 к.кв.;;Грибоедова;Консоль;56/30/9;;;;ИП;;3/10;;автономное отопление, без в\о, введен в эксплуатацию;;Планета-Крым (978) 738-71-76;;4 800 000,
80;;Продажа;;Ялта;Жилая недвижимость;2 к.кв.;;Данченко;Массандровский пляж;49/-/-;;;;СФ;;2/2;;ЕР, котел, мебель;;Планета-Крым (0654) 23-14-28;;4 810 000,
81;;Продажа;;Ялта;Жилая недвижимость;2 к.кв.;;Киевская;;36/22/6;;;;ХР;;5/5;;требуется ремонт, возможен торг;;Планета-Крым (0654) 23-14-28;;4 850 000,
82;;Продажа;;Ялта;Жилая недвижимость;2 к.кв.;;Московская;;49/30/7;;;;ХР;;5/5;;окна во двор, состояние удовлетворительное;;Планета-Крым (978) 738-71-76;;5 000 000,
83;;Продажа;;Ялта;Жилая недвижимость;2 к.кв.;;Руданского;;46/30/6;;;;ХР;;5/5;;сост. удовл., ровное место;;Планета-Крым (0654) 23-14-28;;5 250 000,
84;;Продажа;;Ялта;Жилая недвижимость;2 к.кв.;;Руданского;;57/30/-;;;;СТ;;4/4;;состояние жилое;;Планета-Крым (0654) 23-14-28;;5 520 000,
85;;Продажа;;Ялта;Жилая недвижимость;2 к.кв.;;Володарского;;70/20/9;;;;СФ;;2/2;;хор. сост., котел, свой дворик, парковка, мебель, сарай;;Планета-Крым (0654) 23-14-28;;7 000 000,
86;;Продажа;;Ялта;Жилая недвижимость;2 к.кв.;;Дражинского;Массандровский пляж;56/41/8;;;;СФ;;1/3;;хор. сост., внутренний дворик 25 кв.м;;Планета-Крым (0654) 23-14-28;;7 500 000,
87;;Продажа;;Ялта;Жилая недвижимость;2 к.кв.;;Загородная;;100/-/-;;;;УЛ;;1/10;;новострой, фактически второй этаж, вид на море, б/о, +парковка для авто;;Планета-Крым (0654) 23-14-28;;9 000 000,
88;;Продажа;;Ялта;Жилая недвижимость;2 к.кв.;;Графский проезд;;59/47/8;;;;СФ;;2/2;;хор. сост., 2 ур., высокие потолки;;Планета-Крым (0654) 23-14-28;;9 500 000,
;;;;;;;;;;;;;;;;;;;;;;
;;;;;;;;;;;;;;;;;;;;;;
;;;;;;;;;;;;;;;;;;;;;;
"Список введенных записей (Издание № 3 (206) от 20.07.2015; Агенство: ""Планета-Крым (Ялта)"")";;;;;;;;;;;;;;;;;;;стр. 8 из 9;;;
;;;;;;;;;;;;;;;;;;;;;;
№ п/п;ID;Рубрика;;Город;Раздел;Кол-во комнат / Тип;Район;Улица;Ориентир;Площ.;Площ. уч.;;Тип план.;;Эт./Эт.;;Примечание;;;Конт. инф., конт. телефон;;Цена
89;;Продажа;;Ялта;Жилая недвижимость;2 к.кв.;Щорса;;"ЖК ""Южный берег""";85/-/-;;;;;;1/7;;ремонт, мебель, бытовая техника, автономное отопление;;Планета-Крым (978) 738-71-76;;10 700 000,
90;;Продажа;;Ялта;Жилая недвижимость;2 к.кв.;Центр;Таврическая;;90/-/-;;;;УЛ;;4/12;;новострой, бойлер, вид на море, паркинг, охрана;;Планета-Крым (0654) 23-14-28;;11 000 000,
91;;Продажа;;Ялта;Жилая недвижимость;2 к.кв.;;Киевская;;92/-/-;;;;УЛ;;10/13;;новострой, после дизайнерского ремонта, быт. техника, вид на море;;Планета-Крым (0654) 23-14-28;;14 000 000,
92;;Продажа;;Ялта;Жилая недвижимость;2 к.кв.;;Свердлова;"комплекс ""Эгоист""";74/44/16;;;;ИП;;4/10;;дизайнерский ремонт, АОГВ, мебель, консьерж;;Планета-Крым (0654) 23-14-28;;14 800 000,
93;;Продажа;;Ялта;Жилая недвижимость;2 к.кв.;;Володарского;;67/-/-;;;;УЛ;;8/11;;новый дом, апартамент, панорамный вид, мебель, бытовая техника, консьерж;;Планета-Крым (0654) 23-14-28;;15 000 000,
94;;Продажа;;Ялта;Жилая недвижимость;3 к.кв.;;Дзержинского;;55/-/-;;;;УЛ;;1/8;;жилое сост., можно под офис;;Планета-Крым (0654) 23-14-28;;4 000 000,
95;;Продажа;;Ялта;Жилая недвижимость;3 к.кв.;;Садовая;Овощной  рынок;57/40/6;;;;ГР;;1/5;;жилое состояние, автономное отопление, палисадник.;;Планета-Крым (0654) 23-14-28;;6 500 000,
96;;Продажа;;Ялта;Жилая недвижимость;3 к.кв.;;Садовая;;80/50/-;;;;ИП;;1,2/2;;в/у, место под а/м, мебель, техника, ровное место;;Планета-Крым (0654) 23-14-28;;11 000 000,
97;;Продажа;;Ялта;Жилая недвижимость;3 к.кв.;;К.Маркса;Набережная;65/-/-;;;;СТ;;1/2;;отдельный вход, в отличном состоянии, первая линия, можно под офис;;Планета-Крым (978) 742-28-94;;13 250 000,
98;;Продажа;;Ялта;Жилая недвижимость;3 к.кв.;;Набережная;"""6-й элемент""";212/95/-;;;;ИП;;;;3 спальни, 2 с/у, сауна, мебель, бытовая техника, вид на бухту. Два паркоместа;;Планета-Крым (978) 738-71-76;;100 000 000,
99;;Продажа;;Ялта;Жилая недвижимость;4 к.кв.;;Руданского;9 школа;100/60/12;;;;СТ;;4/4;;жилое состояние;;Планета-Крым (0654) 23-14-28;;11 000 000,
100;;Продажа;;Ялта;Жилая недвижимость;4 к.кв.;;;Приморский парк;205/-/-;;;;ИП;;6/14;;"""под ключ"", итальянская мебель, бытовая техника, 150 м до моря";;Планета-Крым (978) 742-28-94;;71 500 000,
;;;;;;;;;;;;;;;;;;;;;;
;;;;;;;;;;;;;;;;;;;;;;
;;;;;;;;;;;;;;;;;;;;;;
"Список введенных записей (Издание № 3 (206) от 20.07.2015; Агенство: ""Планета-Крым (Ялта)"")";;;;;;;;;;;;;;;;;;;стр. 9 из 9;;;